id,created_at,session_id,item_id,category,brand,name,product_type,old_price_rub,current_price_rub,discount,in_stock,rating,url,catalog_page_url,description,usage,country_of_origin,page_number
1,2026-09-29T19:19:10.744596,20260929_191845_34d663b7,19000180364,parfjumerija/aksessuary,FOR ME by gold apple,Pocket atomizer,Флакон-атомайзер для парфюма,443.0,443.0,0.0,1,4.6,https://goldapple.ru/19000180364-pocket-atomizer/,https://goldapple.ru/parfjumerija/aksessuary,"Мы задумались, как сделать так, чтобы любимый парфюм всегда был с собой – и в качестве ответа на вопрос создали этот флакон-атомайзер FOR ME. С помощью удобного дозатора в него можно перелить любимый парфюм и носить его даже в самой маленькой сумочке. А также он идеально подходит для путешествий, когда хочется взять с собой несколько ароматов на выбор. Объем: 5 мл.","Чтобы перелить ваш парфюм в атомайзер, следуйте этим простым шагам: 1. Снимите распылитель со своего парфюма. 2. Выкручивающим движением достаньте рефил из атомайзера. 3. Установите атомайзер отверстием в место распылителя, 4. Держите атомайзер строго вертикально и нажимайте на него, жидкость начнет набираться. 5. После заполнения атомайзера снимите его с флакона духов и установите распылитель на место. Теперь у вас есть мини-флакон парфюма, который удобно брать с собой!",Китай (китайская народная республика),1
2,2026-09-29T19:19:20.375982,20260929_191845_34d663b7,82401000036,parfjumerija/aksessuary,Frederic Malle,New Travel Case Red,Чехол для флакона,5100.0,5100.0,0.0,1,5.0,https://goldapple.ru/82401000036-new-travel-case-red/,https://goldapple.ru/parfjumerija/aksessuary,"Футляр-контейнер для путешествий. Контейнер приспособлен для удобной и безопасной перевозки рефиллов во время путешествий. Специальная крышка на магнитах препятствует самопроизвольному открытию контейнера. Дорожный футляр выполнен в минималистичном дизайне, характерном для бренда.",Не указано,Франция,1
3,2026-09-29T19:19:28.138047,20260929_191845_34d663b7,26802200003,parfjumerija/aksessuary,Maison Francis Kurkdjian,Globe Trotter Gold edition,Нет категории,13300.0,13300.0,0.0,1,5.0,https://goldapple.ru/26802200003-globe-trotter-gold-edition/,https://goldapple.ru/parfjumerija/aksessuary,"Оригинальный флакон золотого цвета, созданный с особым вниманием к каждой детали и украшенный оттиском логотипа Дома Maison Francis Kurkdjian. Аксессуар удобно брать с собой в путешествие — он не займет много места даже в небольшой косметичке. В атомайзер-спрей помещается рефилл объемом 11 мл.",Не указано,Франция,1
4,2026-09-29T19:19:35.904977,20260929_191845_34d663b7,19760318087,parfjumerija/aksessuary,Kilian Paris,Empty White Travel Spray,Нет категории,10980.0,10980.0,0.0,1,4.7,https://goldapple.ru/19760318087-empty-white-travel-spray/,https://goldapple.ru/parfjumerija/aksessuary,"Набор любимых ароматов готов в путь с Travel Spray. В саду Добра и Зла представлены символы первородного греха. Travel Spray белого цвета украшен гравировкой с изображением змеи, врат, яблока и виноградной лозы, символизирующих участь людей. Золотая отделка боковых поверхностей. . В состав набора входит тревел атомайзер белого цвета и пустая виала объемом 7,5 мл. В интернет-магазине представлен актуальный дизайн товара. При заказе вы можете получить товар как в старом, так и в новом дизайне.",Не указано,Франция,1
5,2026-09-29T19:19:42.618808,20260929_191845_34d663b7,19000023364,parfjumerija/aksessuary,BAGO home,White fibre sticks,Палочки для ароматического диффузора,199.0,199.0,0.0,1,5.0,https://goldapple.ru/19000023364-white-fibre-sticks/,https://goldapple.ru/parfjumerija/aksessuary,"Фибровые палочки играют роль проводника для ароматической жидкости. Сменные палочки для ароматического диффузора, изготовлены из прессованного хлопкового волокна, которое не имеет запаха и передаёт аромат в чистом виде. Цвета в ассортименте.","Интенсивность распространения аромата регулируется количеством вставленных в диффузор фибровых палочек: чем их больше – тем аромат насыщеннее, чем меньше – тем нежнее. Начните с 2-3 фибровых палочек и добавляйте или убавляйте по одной для достижения оптимальной интенсивности аромата. Время от времени переворачивайте палочки для поддержания эффективной работы. диффузора. При смене аромата необходимо использовать новые фибровые палочки, так как ароматы смешаются, и конечный результат может оказаться непредсказуемым.",Россия,1
6,2026-09-29T19:19:50.587398,20260929_191845_34d663b7,19000159606,parfjumerija/aksessuary,FOR ME by gold apple,Pocket atomizer,Флакон-атомайзер для парфюма,463.0,463.0,0.0,1,4.6,https://goldapple.ru/19000159606-pocket-atomizer/,https://goldapple.ru/parfjumerija/aksessuary,"Мы задумались, как сделать так, чтобы любимый парфюм всегда был с собой – и в качестве ответа на вопрос создали этот флакон-атомайзер FOR ME. С помощью удобного дозатора в него можно перелить любимый парфюм и носить его даже в самой маленькой сумочке. А также он идеально подходит для путешествий, когда хочется взять с собой несколько ароматов на выбор. Объем: 5 мл.","Чтобы перелить ваш парфюм в атомайзер, следуйте этим простым шагам: 1. Снимите распылитель со своего парфюма. 2. Установите атомайзер отверстием в место распылителя. 3. Держите атомайзер строго вертикально и нажимайте на него, жидкость начнет набираться. 4. После заполнения атомайзера снимите его с флакона духов и установите распылитель на место. Теперь у вас есть мини-флакон парфюма, который удобно брать с собой!",Китай (китайская народная республика),1
7,2026-09-29T19:19:57.927358,20260929_191845_34d663b7,26802200002,parfjumerija/aksessuary,Maison Francis Kurkdjian,Globe Trotter Zinc edition,Атомайзер для путешествий,11700.0,11700.0,0.0,1,4.7,https://goldapple.ru/26802200002-globe-trotter-zinc-edition/,https://goldapple.ru/parfjumerija/aksessuary,"Оригинальный флакон серебристого цвета, созданный с особым вниманием к каждой детали и украшенный оттиском логотипа Дома Maison Francis Kurkdjian. Аксессуар удобно брать с собой в путешествие — он не займет много места даже в небольшой косметичке. В атомайзер-спрей помещается рефилл объемом 11 мл.",Не указано,Франция,1
8,2026-09-29T19:20:05.086808,20260929_191845_34d663b7,19000449408,parfjumerija/aksessuary,ARIDA HOME,Black,Набор палочек для диффузора,174.0,174.0,0.0,1,5.0,https://goldapple.ru/19000449408-black/,https://goldapple.ru/parfjumerija/aksessuary,"Фибровые палочки для аромадиффузора изготовлены из фиброволокна — синтетического пористого вещества. Они хорошо впитывают и отдают аромат. Некоторые преимущества таких палочек: • Совместимость со всеми аромажидкостями на водной, спиртовой и масляной основе. • Равномерное рассеивание запаха за счёт продуманной структуры. • Палочки не нужно часто переворачивать, поэтому интерьерный парфюм медленнее испаряется. • Не забиваются и служат дольше натуральных, обеспечивают более сильный запах на более дальние расстояния.","Извлеките палочки из упаковки и погрузите в ароматический диффузор (чем больше палочек - тем выше интенсивность). Фибровые палочки можно не переворачивать в процессе использования. При замене ароматической эссенции в диффузоре желательно использовать новые палочки (поры палочек со временем забиваются, что снижает диффузию и искажает запах передачу нового аромата). При обновлении ароматической эссенции в диффузоре замена палочек не обязательна при этом рекомендуется, так новые палочки позволят интенсивнее отдавать аромат диффузора.",Россия,1
9,2026-09-29T19:20:13.539156,20260929_191845_34d663b7,19000023351,parfjumerija/aksessuary,BAGO home,Black fibre sticks for fragrance diffusers,Нет категории,185.0,185.0,0.0,1,5.0,https://goldapple.ru/19000023351-black-fibre-sticks-for-fragrance-diffusers/,https://goldapple.ru/parfjumerija/aksessuary,"Фибровые палочки играют роль проводника для ароматической жидкости. Сменные палочки для ароматического диффузора, изготовлены из прессованного хлопкового волокна, которое не имеет запаха и передаёт аромат в чистом виде. Цвета в ассортименте.","Интенсивность распространения аромата регулируется количеством вставленных в диффузор фибровых палочек: чем их больше – тем аромат насыщеннее, чем меньше – тем нежнее. Начните с 2-3 фибровых палочек и добавляйте или убавляйте по одной для достижения оптимальной интенсивности аромата. Время от времени переворачивайте палочки для поддержания эффективной работы. диффузора. При смене аромата необходимо использовать новые фибровые палочки, так как ароматы смешаются, и конечный результат может оказаться непредсказуемым.",Россия,1
10,2026-09-29T19:20:21.352382,20260929_191845_34d663b7,99000046218,parfjumerija/aksessuary,Maison Berger Paris,Graphic без аромата,Автодиффузор,1661.0,1661.0,0.0,1,5.0,https://goldapple.ru/99000046218-graphic-bez-aromata/,https://goldapple.ru/parfjumerija/aksessuary,"Автомобильный диффузор-клипса ""Графика"" без аромата - идеальный способ создать в салоне автомобиля атмосферу комфорта и изысканности. Теперь вы можете самостоятельно выбрать понравившийся дизайн автоклипсы и подобрать к ней любимый аромат. Экспериментируйте с видами автоклипс и ароматическими композициями, чтобы придать индивидуальности своему автомобилю. Откройте для себя новый уровень ароматизации машины с элегантной и стильной автоклипсой от французского бренда Maison Berger Paris. Этот премиальный автодиффузор, крепящийся к вентиляционной решетке вашего автомобиля, наполнит салон утонченным и стойким ароматом. Металлический автодиффузор выполнен в элегантном стиле, который придает интерьеру автомобиля изысканность и роскошь. Сменные блоки с ароматом в комплект не входят и продаются отдельно.",Вставьте керамический парфюмированный блок в диффузор и закрепите диффузор на вентиляционной решетке при помощи специального крепления; регулируйте интенсивность аромата с помощью системы вентиляции. Длительность ароматизации (один керамический блок): до 4-х недель. Хранить вдали от детей и животных. Может вызвать аллергическую реакцию.,Китай (китайская народная республика),1
11,2026-09-29T19:20:29.135831,20260929_191845_34d663b7,19000095845,parfjumerija/aksessuary,Kilian Paris,Silver Coffret,Шкатулка,10800.0,10800.0,0.0,1,5.0,https://goldapple.ru/19000095845-silver-coffret/,https://goldapple.ru/parfjumerija/aksessuary,KILIAN PARIS предлагает коллекцию из пяти клатчей и шкатулок для ваших любимых ароматов. Вы можете выбрать любой аксессуар для сочетания с любым ароматом KILIAN PARIS.,Не указано,Франция,1
12,2026-09-29T19:20:36.643779,20260929_191845_34d663b7,19000152197,parfjumerija/aksessuary,Dr. Vranjes Firenze,Хром,Корпус для ароматизатора в автомобиль,4800.0,4800.0,0.0,1,5.0,https://goldapple.ru/19000152197-hrom/,https://goldapple.ru/parfjumerija/aksessuary,"Легкий, удобный и простой в использовании, ароматизатор для автомобиля Dr. Vranjes Firenze превращает каждую поездку в незабываемое ольфакторное путешествие, а стильный дизайн диспенсера в сочетании с уникальной парфюмерной композицией сделают его непревзойденным акцентом вашего авто. Эстетичный металлизированный диспенсер в отделке Хром станет идеальным ярким аккордом. Его отличает роскошный минималистичный дизайн и традиционная для бренда восьмиугольная форма, вдохновленная основанием купола знаменитого Флорентийского собора. ключевые преимущества Память, заключенная в ароматах – позвольте автопарфюму Dr. Vranjes Firenze сохранить воспоминания о вашем путешествии или возьмите с собой «частичку дома» с любимым ароматом бренда. Рефил к диспенсеру приобретается отдельно.","Поместите подходящий рефил Dr. Vranjes Firenze в диспенсер, убедившись, что логотип расположен снизу, затем закройте крышку, повернув ее по часовой стрелке до щелчка, и поместите диспенсер на вентиляционной решетке автомобиля. Работа ароматизатора возможна на трех уровнях интенсивности - используйте боковой рычаг на диспенсере для регулирования. Аромат раскрывается полностью при работе дефлектора на панели машины (печки, вентиляции, кондиционера, обдува, воздуховода) при подаче теплого воздуха. Ароматический блок (рефил) для диспенсера приобретается отдельно.",Италия,1
13,2026-09-29T19:20:44.527923,20260929_191845_34d663b7,19000023368,parfjumerija/aksessuary,BAGO home,Blue fibre sticks,Палочки для ароматического диффузора,199.0,199.0,0.0,1,5.0,https://goldapple.ru/19000023368-blue-fibre-sticks/,https://goldapple.ru/parfjumerija/aksessuary,"Фибровые палочки играют роль проводника для ароматической жидкости. Сменные палочки для ароматического диффузора, изготовлены из прессованного хлопкового волокна, которое не имеет запаха и передаёт аромат в чистом виде. Цвета в ассортименте.","Интенсивность распространения аромата регулируется количеством вставленных в диффузор фибровых палочек: чем их больше – тем аромат насыщеннее, чем меньше – тем нежнее. Начните с 2-3 фибровых палочек и добавляйте или убавляйте по одной для достижения оптимальной интенсивности аромата. Время от времени переворачивайте палочки для поддержания эффективной работы. диффузора. При смене аромата необходимо использовать новые фибровые палочки, так как ароматы смешаются, и конечный результат может оказаться непредсказуемым.",Россия,1
14,2026-09-29T19:20:52.162882,20260929_191845_34d663b7,19760318086,parfjumerija/aksessuary,Kilian Paris,Empty Black Travel Spray,Нет категории,10980.0,10980.0,0.0,1,3.7,https://goldapple.ru/19760318086-empty-black-travel-spray/,https://goldapple.ru/parfjumerija/aksessuary,"Набор любимых ароматов готов в путь с Travel Spray. Travel Spray - это поистине гипнотический предмет, монолит с выгравированным щитом Ахиллеса. Порожний фиал готов принять ваши любимые духи, а его размеры идеально подходят для вашей повседневной сумки или вечернего ридикюля. В состав набора входит тревел атомайзер черного цвета и пустая виала объемом 7,5 мл.",Не указано,Франция,1
15,2026-09-29T19:20:58.830931,20260929_191845_34d663b7,19760325754,parfjumerija/aksessuary,Dr. Vranjes Firenze,Black,Черные палочки для диффузора,350.0,350.0,0.0,1,3.8,https://goldapple.ru/19760325754-cernye/,https://goldapple.ru/parfjumerija/aksessuary,"Палочки в черном цвете обеспечивают оптимальное раскрытие и распространение ароматов для дома Dr. Vranjes Firenze. Со временем палочки теряют свою капиллярную функцию и больше не позволяют аромату испаряться, поэтому их необходимо заменять на новые после чрезмерного насыщения. Эксклюзивные палочки для диффузоров Rosso Nobile 250 мл.","Поместите во флакон все палочки, которые идут в комплекте – таким образом аромат не будет испаряться через открытое горлышко флакона. Оптимальное количество палочек для диффузора 250 мл – 10 шт. 1-2 раза в день переворачивайте палочки для распространения аромата. Для того, чтобы отрегулировать интенсивность аромата, переворачивайте необходимое количество палочек ежедневно (1-2 для деликатного, еле заметного звучания; все палочки – для более яркого).",Италия,1
16,2026-09-29T19:21:04.948793,20260929_191845_34d663b7,19000023363,parfjumerija/aksessuary,BAGO home,Beige fibre sticks,Палочки для ароматического диффузора,199.0,199.0,0.0,1,5.0,https://goldapple.ru/19000023363-beige-fibre-sticks/,https://goldapple.ru/parfjumerija/aksessuary,"Фибровые палочки играют роль проводника для ароматической жидкости. Сменные палочки для ароматического диффузора, изготовлены из прессованного хлопкового волокна, которое не имеет запаха и передаёт аромат в чистом виде. Цвета в ассортименте. Длина — 23 см","Интенсивность распространения аромата регулируется количеством вставленных в диффузор фибровых палочек: чем их больше, тем аромат насыщеннее; чем меньше, тем нежнее. Начните с 2–3 фибровых палочек и добавляйте или убавляйте по одной, чтобы достичь оптимальной интенсивности аромата. Время от времени переворачивайте палочки для поддержания эффективной работы диффузора. При смене аромата необходимо использовать новые фибровые палочки, так как ароматы смешаются и конечный результат может оказаться непредсказуемым.",Россия,1
17,2026-09-29T19:21:12.593846,20260929_191845_34d663b7,19760325755,parfjumerija/aksessuary,Dr. Vranjes Firenze,Black,Черные палочки для диффузора,450.0,450.0,0.0,1,3.5,https://goldapple.ru/19760325755-cernye/,https://goldapple.ru/parfjumerija/aksessuary,"Палочки в черном цвете обеспечивают оптимальное раскрытие и распространение ароматов для дома Dr. Vranjes Firenze. Со временем палочки теряют свою капиллярную функцию и больше не позволяют аромату испаряться, поэтому их необходимо заменять на новые после чрезмерного насыщения. Эксклюзивные палочки для диффузоров Rosso Nobile 500 мл.","Поместите во флакон все палочки, которые идут в комплекте – таким образом аромат не будет испаряться через открытое горлышко флакона. Оптимальное количество палочек для диффузора 500 мл – 12 шт. 1-2 раза в день переворачивайте палочки для распространения аромата. Для того, чтобы отрегулировать интенсивность аромата, переворачивайте необходимое количество палочек ежедневно (1-2 для деликатного, еле заметного звучания; все палочки – для более яркого).",Италия,1
18,2026-09-29T19:21:19.653070,20260929_191845_34d663b7,19000023366,parfjumerija/aksessuary,BAGO home,Red fibre sticks,Палочки для ароматического диффузора,199.0,199.0,0.0,1,0.0,https://goldapple.ru/19000023366-red-fibre-sticks/,https://goldapple.ru/parfjumerija/aksessuary,"Фибровые палочки играют роль проводника для ароматической жидкости. Сменные палочки для ароматического диффузора, изготовлены из прессованного хлопкового волокна, которое не имеет запаха и передаёт аромат в чистом виде. Цвета в ассортименте.","Интенсивность распространения аромата регулируется количеством вставленных в диффузор фибровых палочек: чем их больше – тем аромат насыщеннее, чем меньше – тем нежнее. Начните с 2-3 фибровых палочек и добавляйте или убавляйте по одной для достижения оптимальной интенсивности аромата. Время от времени переворачивайте палочки для поддержания эффективной работы. диффузора. При смене аромата необходимо использовать новые фибровые палочки, так как ароматы смешаются, и конечный результат может оказаться непредсказуемым.",Россия,1
19,2026-09-29T19:21:27.359896,20260929_191845_34d663b7,19000023357,parfjumerija/aksessuary,BAGO home,White fibre sticks for fragrance diffusers BAGO home,Палочки для ароматического диффузора,185.0,185.0,0.0,1,5.0,https://goldapple.ru/19000023357-white-fibre-sticks-for-fragrance-diffusers-bago-home/,https://goldapple.ru/parfjumerija/aksessuary,"Фибровые палочки играют роль проводника для ароматической жидкости. Сменные палочки для ароматического диффузора, изготовлены из прессованного хлопкового волокна, которое не имеет запаха и передаёт аромат в чистом виде. Цвета в ассортименте.","Интенсивность распространения аромата регулируется количеством вставленных в диффузор фибровых палочек: чем их больше – тем аромат насыщеннее, чем меньше – тем нежнее. Начните с 2-3 фибровых палочек и добавляйте или убавляйте по одной для достижения оптимальной интенсивности аромата. Время от времени переворачивайте палочки для поддержания эффективной работы диффузора. При смене аромата необходимо использовать новые фибровые палочки, так как ароматы смешаются, и конечный результат может оказаться непредсказуемым.",Россия,1
20,2026-09-29T19:21:34.148904,20260929_191845_34d663b7,19000070822,parfjumerija/aksessuary,nōtem,Wick Trimmer,Триммер для фитиля,1351.0,1351.0,0.0,1,0.0,https://goldapple.ru/19000070822-wick-trimmer/,https://goldapple.ru/parfjumerija/aksessuary,"Триммер для свечи - одно из самых необходимых приспособлений. Он помогает быстро и безопасно укоротить фитиль, что способствует более экономичному использованию.",Не указано,Россия,1
21,2026-09-29T19:21:50.933787,20260929_191845_34d663b7,19000433756,parfjumerija/aksessuary,TOILETPAPER,BLACK,Палочки для диффузора,1080.0,1080.0,0.0,1,5.0,https://goldapple.ru/19000433756-black/,https://goldapple.ru/parfjumerija/aksessuary?p=2,"Палочки для диффузора, впитывают и распространяют аромат по всей комнате.",Погрузите палочки в  диффузор и переворачивайте 1-2 раза в день для интенсивности аромата.,Италия,2
22,2026-09-29T19:21:58.237817,20260929_191845_34d663b7,19000070823,parfjumerija/aksessuary,nōtem,Flame extinguisher for candels,Гаситель пламени для свечи,1521.0,1521.0,0.0,1,5.0,https://goldapple.ru/19000070823-flame-extinguisher-for-candels/,https://goldapple.ru/parfjumerija/aksessuary?p=2,"Гаситель для свечи - одно из самых необходимых приспособлений. Он помогает быстро и безопасно затушить вашу свечу. После тушения свечи гасителем, свеча не будет коптить и издавать неприятный запах гари. Если задувать свечу привычным способом, ваша свеча очень испортится - будет неровно гореть и ее аромат будет испорчен запахом гари. Поэтому гаситель - самый необходимый помощник любителям свечей",Отмерить 5 мм фитиля и отрезать лишний фитиль,Россия,2
23,2026-09-29T19:22:06.821106,20260929_191845_34d663b7,99000046224,parfjumerija/aksessuary,Maison Berger Paris,Resonance без аромата,Нет категории,1661.0,1661.0,0.0,1,5.0,https://goldapple.ru/99000046224-resonance-bez-aromata/,https://goldapple.ru/parfjumerija/aksessuary?p=2,"Автомобильный диффузор-клипса ""Резонанс"" без аромата - идеальный способ создать в салоне автомобиля атмосферу комфорта и изысканности. Теперь вы можете самостоятельно выбрать понравившийся дизайн автоклипсы и подобрать к ней любимый аромат. Экспериментируйте с видами автоклипс и ароматическими композициями, чтобы придать индивидуальности своему автомобилю. Откройте для себя новый уровень ароматизации машины с элегантной и стильной автоклипсой от французского бренда Maison Berger Paris. Этот премиальный автодиффузор, крепящийся к вентиляционной решетке вашего автомобиля, наполнит салон утонченным и стойким ароматом. Металлический автодиффузор выполнен в элегантном стиле, который придает интерьеру автомобиля изысканность и роскошь. Сменные блоки с ароматом в комплект не входят и продаются отдельно.",Вставьте керамический парфюмированный блок в диффузор и закрепите диффузор на вентиляционной решетке при помощи специального крепления; регулируйте интенсивность аромата с помощью системы вентиляции. Длительность ароматизации (один керамический блок): до 4-х недель. Хранить вдали от детей и животных. Может вызвать аллергическую реакцию.,Китай (китайская народная республика),2
24,2026-09-29T19:22:14.198852,20260929_191845_34d663b7,19000449407,parfjumerija/aksessuary,ARIDA HOME,Gray,Нет категории,174.0,174.0,0.0,1,0.0,https://goldapple.ru/19000449407-gray/,https://goldapple.ru/parfjumerija/aksessuary?p=2,"Фибровые палочки для аромадиффузора изготовлены из фиброволокна — синтетического пористого вещества. Они хорошо впитывают и отдают аромат. Некоторые преимущества таких палочек: • Совместимость со всеми аромажидкостями на водной, спиртовой и масляной основе. • Равномерное рассеивание запаха за счёт продуманной структуры. • Палочки не нужно часто переворачивать, поэтому интерьерный парфюм медленнее испаряется. • Не забиваются и служат дольше натуральных, обеспечивают более сильный запах на более дальние расстояния.","Извлеките палочки из упаковки и погрузите в ароматический диффузор (чем больше палочек - тем выше интенсивность). Фибровые палочки можно не переворачивать в процессе использования. При замене ароматической эссенции в диффузоре желательно использовать новые палочки (поры палочек со временем забиваются, что снижает диффузию и искажает запах передачу нового аромата). При обновлении ароматической эссенции в диффузоре замена палочек не обязательна при этом рекомендуется, так новые палочки позволят интенсивнее отдавать аромат диффузора.",Россия,2
25,2026-09-29T19:22:21.920137,20260929_191845_34d663b7,19000023365,parfjumerija/aksessuary,BAGO home,Yellow fibre sticks,Палочки для ароматического диффузора,199.0,199.0,0.0,1,5.0,https://goldapple.ru/19000023365-yellow-fibre-sticks/,https://goldapple.ru/parfjumerija/aksessuary?p=2,"Фибровые палочки играют роль проводника для ароматической жидкости. Сменные палочки для ароматического диффузора, изготовлены из прессованного хлопкового волокна, которое не имеет запаха и передаёт аромат в чистом виде. Цвета в ассортименте.","Интенсивность распространения аромата регулируется количеством вставленных в диффузор фибровых палочек: чем их больше – тем аромат насыщеннее, чем меньше – тем нежнее. Начните с 2-3 фибровых палочек и добавляйте или убавляйте по одной для достижения оптимальной интенсивности аромата. Время от времени переворачивайте палочки для поддержания эффективной работы. диффузора. При смене аромата необходимо использовать новые фибровые палочки, так как ароматы смешаются, и конечный результат может оказаться непредсказуемым.",Россия,2
26,2026-09-29T19:22:28.419269,20260929_191845_34d663b7,19000152195,parfjumerija/aksessuary,Dr. Vranjes Firenze,Карбон,Корпус для ароматизатора в автомобиль,4800.0,4800.0,0.0,1,3.7,https://goldapple.ru/19000152195-karbon/,https://goldapple.ru/parfjumerija/aksessuary?p=2,"Легкий, удобный и простой в использовании, ароматизатор для автомобиля Dr. Vranjes Firenze превращает каждую поездку в незабываемое ольфакторное путешествие, а стильный дизайн диспенсера в сочетании с уникальной парфюмерной композицией сделают его непревзойденным акцентом вашего авто. Неординарное оформление диспенсера Карбон отсылает к материалу, из которого производятся современные гоночные автомобили. Его отличает роскошный минималистичный дизайн и традиционная для бренда восьмиугольная форма, вдохновленная основанием купола знаменитого Флорентийского собора. ключевые преимущества Память, заключенная в ароматах – позвольте автопарфюму Dr. Vranjes Firenze сохранить воспоминания о вашем путешествии или возьмите с собой «частичку дома» с любимым ароматом бренда. Рефил к диспенсеру приобретается отдельно.","Поместите подходящий рефил Dr. Vranjes Firenze в диспенсер, убедившись, что логотип расположен снизу, затем закройте крышку, повернув ее по часовой стрелке до щелчка, и поместите диспенсер на вентиляционной решетке автомобиля. Работа ароматизатора возможна на трех уровнях интенсивности - используйте боковой рычаг на диспенсере для регулирования. Аромат раскрывается полностью при работе дефлектора на панели машины (печки, вентиляции, кондиционера, обдува, воздуховода) при подаче теплого воздуха. Ароматический блок (рефил) для диспенсера приобретается отдельно.",Италия,2
27,2026-09-29T19:22:35.473755,20260929_191845_34d663b7,19000057643,parfjumerija/aksessuary,Esteban Paris Parfums,black perfume sticks for scented bouquet,Палочки ротанговые черные 25см,890.0,890.0,0.0,1,0.0,https://goldapple.ru/19000057643-black-perfume-sticks-for-scented-bouquet/,https://goldapple.ru/parfjumerija/aksessuary?p=2,"Палочки для аромадиффузора из натурального ротанга помогают аромату распространяться по помещению, засчет своей пористой структуры. Палочки служат своеобразным трамплином для аромата, обеспечивая равномерную ароматизацию.",Вставьте ротанговые палочку в вазочку с ароматом. Интенсивность аромата регулируется количеством палочек. Регулярно меняйте палочки для поддержания непрерывной ароматизации. Рекомендуется менять палочки 1 раз в месяц и при и спользовании нового аромата для диффузора.,Франция,2
28,2026-09-29T19:22:43.151337,20260929_191845_34d663b7,99000148153,parfjumerija/aksessuary,Maison Berger Paris,черные 24 см,Лавсановые палочки,1190.0,1190.0,0.0,1,0.0,https://goldapple.ru/99000148153-maison-berger-paris-cernye-24-sm/,https://goldapple.ru/parfjumerija/aksessuary?p=2,"Лавсановые палочки — это палочки из синтетической ткани универсального применения, основу которой составляют полиэфиры. Изготовленные из технического полимера, эти палочки точно и эффективно рассеют каждый из ароматов. Лавсан — быстрый проводник ароматической жидкости: максимально быстрая пропитка гарантирует максимально быстрое распространение долгожданного аромата на весь дом.","Вставьте палочки в аромадиффузор и дождитесь, пока они пропитаются ароматом. 
Для регулирования интенсивности ароматизации добавьте или уберите несколько палочек.
Периодически переворачивайте палочки, чтобы аромат стал более интенсивным.
Меняйте палочки каждые 2–3 месяца, а также тогда, когда собираетесь использовать новый аромат, чтобы сохранить красоту композиции.",Китай (китайская народная республика),2
29,2026-09-29T19:22:50.732133,20260929_191845_34d663b7,19760325753,parfjumerija/aksessuary,Dr. Vranjes Firenze,White,Белые палочки для диффузора,450.0,450.0,0.0,1,0.0,https://goldapple.ru/19760325753-belye/,https://goldapple.ru/parfjumerija/aksessuary?p=2,"Палочки в белом цвете обеспечивают оптимальное раскрытие и распространение ароматов для дома Dr. Vranjes Firenze. Со временем палочки теряют свою капиллярную функцию и больше не позволяют аромату испаряться, поэтому их необходимо заменять на новые после чрезмерного насыщения. Подходят для диффузоров 500 мл, сочетаются со всеми ароматами, кроме Maserati и Rosso Nobile - для них в ассортименте бренда можно найти отдельные, идеально подходящие палочки.","Поместите во флакон все палочки, которые идут в комплекте – таким образом аромат не будет испаряться через открытое горлышко флакона. Оптимальное количество палочек для диффузора 500 мл – 12 шт. 1-2 раза в день переворачивайте палочки для распространения аромата. Для того, чтобы отрегулировать интенсивность аромата, переворачивайте необходимое количество палочек ежедневно (1-2 для деликатного, еле заметного звучания; все палочки – для более яркого).",Италия,2
30,2026-09-29T19:22:58.173095,20260929_191845_34d663b7,99000148161,parfjumerija/aksessuary,Maison Berger Paris,черные 30 см,Лавсановые палочки,1290.0,1290.0,0.0,1,0.0,https://goldapple.ru/99000148161-maison-berger-paris-cernye-30-sm/,https://goldapple.ru/parfjumerija/aksessuary?p=2,"Лавсановые палочки — это палочки из синтетической ткани универсального применения, основу которой составляют полиэфиры. Изготовленные из технического полимера, эти палочки точно и эффективно рассеют каждый из ароматов. Лавсан — быстрый проводник ароматической жидкости: максимально быстрая пропитка гарантирует максимально быстрое распространение долгожданного аромата на весь дом.","Вставьте палочки в аромадиффузор и дождитесь, пока они пропитаются ароматом. 
Для регулирования интенсивности ароматизации добавьте или уберите несколько палочек.
Периодически переворачивайте палочки, чтобы аромат стал более интенсивным.
Меняйте палочки каждые 2–3 месяца, а также тогда, когда собираетесь использовать новый аромат, чтобы сохранить красоту композиции.",Китай (китайская народная республика),2
31,2026-09-29T19:23:05.549943,20260929_191845_34d663b7,99000046209,parfjumerija/aksessuary,Maison Berger Paris,Flower без аромата,Автодиффузор,1923.0,1923.0,0.0,1,0.0,https://goldapple.ru/99000046209-flower-bez-aromata/,https://goldapple.ru/parfjumerija/aksessuary?p=2,"Откройте для себя новый тип автодиффузора от французского бренда Maison Berger Paris: теперь вы можете выбирать понравившийся дизайн автоклипсы и подобрать к ней любимый аромат. Экспериментируйте с разными видами автоклипс и ароматическими композициями, чтобы придать индивидуальности своему автомобилю. Металлическая автоклипса ""Цветок"" – это новый тип запатентованного автодиффузора с режимом «On/Off». Впервые вы можете самостоятельно регулировать интенсивность ароматизации в автомобиле, в соответствии с вашими предпочтениями. Выбирайте один из трех режимов ароматизации: полностью открытый, частично открытый или закрытый. Автодиффузор для машины станет декоративным и ароматическим украшением салона автомобиля. Сменные ароматические блоки приобретаются отдельно.",Вставьте керамический парфюмированный блок в диффузор и закрепите диффузор на вентиляционной решетке при помощи специального крепления; регулируйте интенсивность аромата с помощью системы вентиляции. Длительность ароматизации (один керамический блок): до 4-х недель. Хранить вдали от детей и животных. Может вызвать аллергическую реакцию.,Китай (китайская народная республика),2
32,2026-09-29T19:23:12.301987,20260929_191845_34d663b7,19000023367,parfjumerija/aksessuary,BAGO home,Light green fibre sticks,Палочки для ароматического диффузора,199.0,199.0,0.0,1,5.0,https://goldapple.ru/19000023367-light-green-fibre-sticks/,https://goldapple.ru/parfjumerija/aksessuary?p=2,"Фибровые палочки играют роль проводника для ароматической жидкости. Сменные палочки для ароматического диффузора, изготовлены из прессованного хлопкового волокна, которое не имеет запаха и передаёт аромат в чистом виде. Цвета в ассортименте.","Интенсивность распространения аромата регулируется количеством вставленных в диффузор фибровых палочек: чем их больше – тем аромат насыщеннее, чем меньше – тем нежнее. Начните с 2-3 фибровых палочек и добавляйте или убавляйте по одной для достижения оптимальной интенсивности аромата. Время от времени переворачивайте палочки для поддержания эффективной работы. диффузора. При смене аромата необходимо использовать новые фибровые палочки, так как ароматы смешаются, и конечный результат может оказаться непредсказуемым.",Россия,2
33,2026-09-29T19:23:18.861244,20260929_191845_34d663b7,19000152196,parfjumerija/aksessuary,Dr. Vranjes Firenze,Никель,Нет категории,4800.0,4800.0,0.0,1,4.8,https://goldapple.ru/19000152196-nikel/,https://goldapple.ru/parfjumerija/aksessuary?p=2,"Легкий, удобный и простой в использовании, диспенсер для автомобиля Dr. Vranjes Firenze превращает каждую поездку в незабываемое ольфакторное путешествие, а стильный дизайн в сочетании с уникальной парфюмерной композицией сделают его непревзойденным акцентом вашего авто. Эстетичный металлизированный диспенсер в отделке Никель станет идеальным ярким аккордом. Его отличает роскошный минималистичный дизайн и традиционная для бренда восьмиугольная форма, вдохновленная основанием купола знаменитого Флорентийского собора. ключевые преимущества Память, заключенная в ароматах – позвольте автопарфюму Dr. Vranjes Firenze сохранить воспоминания о вашем путешествии или возьмите с собой «частичку дома» с любимым ароматом бренда. Рефил к диспенсеру приобретается отдельно.","Поместите подходящий рефил Dr. Vranjes Firenze в диспенсер, убедившись, что логотип расположен снизу, затем закройте крышку, повернув ее по часовой стрелке до щелчка, и поместите диспенсер на вентиляционной решетке автомобиля. Работа ароматизатора возможна на трех уровнях интенсивности - используйте боковой рычаг на диспенсере для регулирования. Аромат раскрывается полностью при работе дефлектора на панели машины (печки, вентиляции, кондиционера, обдува, воздуховода) при подаче теплого воздуха. Ароматический блок (рефил) для диспенсера приобретается отдельно.",Италия,2
34,2026-09-29T19:23:27.470989,20260929_191845_34d663b7,99000046204,parfjumerija/aksessuary,Maison Berger Paris,Flash без аромата,Нет категории,1923.0,1923.0,0.0,1,0.0,https://goldapple.ru/99000046204-flash-bez-aromata/,https://goldapple.ru/parfjumerija/aksessuary?p=2,"Откройте для себя новый тип автодиффузора от французского бренда Maison Berger Paris: теперь вы можете выбирать понравившийся дизайн автоклипсы и подобрать к ней любимый аромат. Экспериментируйте с разными видами автоклипс и ароматическими композициями, чтобы придать индивидуальности своему автомобилю. Металлическая автоклипса ""Флеш"" – это новый тип запатентованного автодиффузора с режимом On/Off. Впервые вы можете самостоятельно регулировать интенсивность ароматизации в автомобиле, в соответствии с вашими предпочтениями. Выбирайте один из трех режимов ароматизации: полностью открытый, частично открытый или закрытый. Автодиффузор для машины станет декоративным и ароматическим украшением салона автомобиля. Сменные ароматические блоки приобретаются отдельно.",Вставьте керамический парфюмированный блок в диффузор и закрепите диффузор на вентиляционной решетке при помощи специального крепления; регулируйте интенсивность аромата с помощью системы вентиляции. Длительность ароматизации (один керамический блок): до 4-х недель. Хранить вдали от детей и животных. Может вызвать аллергическую реакцию.,Китай (китайская народная республика),2
35,2026-09-29T19:23:34.868593,20260929_191845_34d663b7,99000046223,parfjumerija/aksessuary,Maison Berger Paris,Honey Comb без аромата,Автодиффузор,1624.0,1624.0,0.0,1,0.0,https://goldapple.ru/99000046223-honey-comb-bez-aromata/,https://goldapple.ru/parfjumerija/aksessuary?p=2,"Автомобильный диффузор-клипса ""Соты"" без аромата - идеальный способ создать в салоне автомобиля атмосферу комфорта и изысканности. Теперь вы можете самостоятельно выбрать понравившийся дизайн автоклипсы и подобрать к ней любимый аромат. Экспериментируйте с видами автоклипс и ароматическими композициями, чтобы придать индивидуальности своему автомобилю. Откройте для себя новый уровень ароматизации машины с элегантной и стильной автоклипсой от французского бренда Maison Berger Paris. Этот премиальный автодиффузор, крепящийся к вентиляционной решетке вашего автомобиля, наполнит салон утонченным и стойким ароматом. Металлический автодиффузор выполнен в элегантном стиле, который придает интерьеру автомобиля изысканность и роскошь. Сменные блоки с ароматом в комплект не входят и продаются отдельно.",Вставьте керамический парфюмированный блок в диффузор и закрепите диффузор на вентиляционной решетке при помощи специального крепления; регулируйте интенсивность аромата с помощью системы вентиляции. Длительность ароматизации (один керамический блок): до 4-х недель. Хранить вдали от детей и животных. Может вызвать аллергическую реакцию.,Китай (китайская народная республика),2
36,2026-09-29T19:23:41.456311,20260929_191845_34d663b7,19760325752,parfjumerija/aksessuary,Dr. Vranjes Firenze,White,Белые палочки для диффузора,350.0,350.0,0.0,1,0.0,https://goldapple.ru/19760325752-belye/,https://goldapple.ru/parfjumerija/aksessuary?p=2,"Палочки в белом цвете обеспечивают оптимальное раскрытие и распространение ароматов для дома Dr. Vranjes Firenze. Со временем палочки теряют свою капиллярную функцию и больше не позволяют аромату испаряться, поэтому их необходимо заменять на новые после чрезмерного насыщения. Подходят для диффузоров 250 мл, сочетаются со всеми ароматами, кроме Maserati и Rosso Nobile - для них в ассортименте бренда можно найти отдельные, идеально подходящие палочки.","Поместите во флакон все палочки, которые идут в комплекте – таким образом аромат не будет испаряться через открытое горлышко флакона. Оптимальное количество палочек для диффузора 250 мл – 10 шт. 1-2 раза в день переворачивайте палочки для распространения аромата. Для того, чтобы отрегулировать интенсивность аромата, переворачивайте необходимое количество палочек ежедневно (1-2 для деликатного, еле заметного звучания; все палочки – для более яркого).",Италия,2
37,2026-09-29T19:23:49.018109,20260929_191845_34d663b7,99000046222,parfjumerija/aksessuary,Maison Berger Paris,Wheel без аромата,Автодиффузор,1624.0,1624.0,0.0,1,0.0,https://goldapple.ru/99000046222-wheel-bez-aromata/,https://goldapple.ru/parfjumerija/aksessuary?p=2,"Автомобильный диффузор-клипса ""Линейный"" без аромата - идеальный способ создать в салоне автомобиля атмосферу комфорта и изысканности. Теперь вы можете самостоятельно выбрать понравившийся дизайн автоклипсы и подобрать к ней любимый аромат. Экспериментируйте с видами автоклипс и ароматическими композициями, чтобы придать индивидуальности своему автомобилю. Откройте для себя новый уровень ароматизации машины с элегантной и стильной автоклипсой от французского бренда Maison Berger Paris. Этот премиальный автодиффузор, крепящийся к вентиляционной решетке вашего автомобиля, наполнит салон утонченным и стойким ароматом. Металлический автодиффузор выполнен в элегантном стиле, который придает интерьеру автомобиля изысканность и роскошь. Сменные блоки с ароматом в комплект не входят и продаются отдельно.",Вставьте керамический парфюмированный блок в диффузор и закрепите диффузор на вентиляционной решетке при помощи специального крепления; регулируйте интенсивность аромата с помощью системы вентиляции. Длительность ароматизации (один керамический блок): до 4-х недель. Хранить вдали от детей и животных. Может вызвать аллергическую реакцию.,Китай (китайская народная республика),2
38,2026-09-29T19:23:56.668274,20260929_191845_34d663b7,19000289903,parfjumerija/aksessuary,Loewe,Wood case,деревянный футляр,4380.0,4380.0,0.0,1,0.0,https://goldapple.ru/19000289903-wooden-case/,https://goldapple.ru/parfjumerija/aksessuary?p=2,"Сделайте ваши флаконы  мини- форматов более прочными, портативными и красивыми с помощью этого защитного футляра, изготовленного из дерева платана и 100% органической пробки. Корпус имеет бесшовную систему сборки, вдохновленную японской техникой Исукацу, используемой мастерами для сборки мебели без клея и гвоздей. Изготовлен из дерева платана Хромированный акцент",n/a - кейс,Испания,2
39,2026-09-29T19:24:04.003561,20260929_191845_34d663b7,99000046207,parfjumerija/aksessuary,Maison Berger Paris,Смарт без аромата,Автодиффузор,1923.0,1923.0,0.0,1,0.0,https://goldapple.ru/99000046207-smart-bez-aromata/,https://goldapple.ru/parfjumerija/aksessuary?p=2,"Откройте для себя новый тип автодиффузора от французского бренда Maison Berger Paris: теперь вы можете выбирать понравившийся дизайн автоклипсы и подобрать к ней любимый аромат. Экспериментируйте с разными видами автоклипс и ароматическими композициями, чтобы придать индивидуальности своему автомобилю. Металлическая автоклипса ""Смарт"" – это новый тип запатентованного автодиффузора с режимом «On/Off». Впервые вы можете самостоятельно регулировать интенсивность ароматизации в автомобиле, в соответствии с вашими предпочтениями. Выбирайте один из трех режимов ароматизации: полностью открытый, частично открытый или закрытый. Автодиффузор для машины станет декоративным и ароматическим украшением салона автомобиля. Сменные ароматические блоки приобретаются отдельно.",Вставьте керамический парфюмированный блок в диффузор и закрепите диффузор на вентиляционной решетке при помощи специального крепления; регулируйте интенсивность аромата с помощью системы вентиляции. Длительность ароматизации (один керамический блок): до 4-х недель. Хранить вдали от детей и животных. Может вызвать аллергическую реакцию.,Китай (китайская народная республика),2
40,2026-09-29T19:24:09.937046,20260929_191845_34d663b7,99000046221,parfjumerija/aksessuary,Maison Berger Paris,Blissful без аромата,Автодиффузор,1474.0,1474.0,0.0,1,0.0,https://goldapple.ru/99000046221-blissful-bez-aromata/,https://goldapple.ru/parfjumerija/aksessuary?p=2,"Автомобильный диффузор-клипса ""Волны"" без аромата - идеальный способ создать в салоне автомобиля атмосферу комфорта и изысканности. Теперь вы можете самостоятельно выбрать понравившийся дизайн автоклипсы и подобрать к ней любимый аромат. Экспериментируйте с видами автоклипс и ароматическими композициями, чтобы придать индивидуальности своему автомобилю. Откройте для себя новый уровень ароматизации машины с элегантной и стильной автоклипсой от французского бренда Maison Berger Paris. Этот премиальный автодиффузор, крепящийся к вентиляционной решетке вашего автомобиля, наполнит салон утонченным и стойким ароматом. Металлический автодиффузор выполнен в элегантном стиле, который придает интерьеру автомобиля изысканность и роскошь. Сменные блоки с ароматом в комплект не входят и продаются отдельно.",Вставьте керамический парфюмированный блок в диффузор и закрепите диффузор на вентиляционной решетке при помощи специального крепления; регулируйте интенсивность аромата с помощью системы вентиляции. Длительность ароматизации (один керамический блок): до 4-х недель. Хранить вдали от детей и животных. Может вызвать аллергическую реакцию.,Китай (китайская народная республика),2
41,2026-09-29T19:24:30.118672,20260929_191845_34d663b7,99000079532,parfjumerija/aksessuary,METAPHYSICA,черный,флакон-атомайзер для парфюма,3042.0,3042.0,0.0,0,5.0,https://goldapple.ru/99000079532-cernyj/,https://goldapple.ru/parfjumerija/aksessuary?p=3,"Парфюмерный аксессуар METAPHYSICA – это не только современный атрибут стиля, но и ольфакторный акцент, подчеркивающий ваш образ. Чёрный, сияющий кофр атомайзера выполнен в виде футляра губной помады, что придаёт ему игривости и элегантности. Преимущества: - сочетание эстетики и функционала - герметичный, самозаправляющийся атомайзер - равномерный, мелкодисперсный распылитель - металлический кофр защищает парфюм от света и падения - тактильно приятный материал и форма Объем 5мл.",Не указано,Китай (китайская народная республика),3
42,2026-09-29T19:24:41.132937,20260929_191845_34d663b7,99000109915,parfjumerija/aksessuary,Aurendal Home,Черный + розовый,Набор атомайзеров,640.0,640.0,0.0,0,4.8,https://goldapple.ru/99000109915-cernyj-rozovyj/,https://goldapple.ru/parfjumerija/aksessuary?p=3,"Стильный набор из двух алюминиевых атомайзеров — чёрного и розового — сочетает в себе практичность и индивидуальность. Каждый флакон объёмом 15 мл выполнен из прочного алюминия с матовым покрытием, устойчивым к царапинам и отпечаткам. Чёрный цвет придаёт сдержанности и элегантности, розовый добавляет нотку мягкости и современного стиля. Атомайзеры легко заправляются любыми духами без дополнительных инструментов, надёжно закрываются и не протекают. Идеальны для путешествий, повседневного использования и смены ароматов. Компактные, лёгкие, многоразовые — удобный выбор для тех, кто любит сочетать функциональность с выразительным дизайном.","Заправьте парфюм в колбу, плотно закрутите распылительную головку и пользуйтесь — каждым нажатием вы получаете точное, равномерное распыление аромата.",Китай (китайская народная республика),3
43,2026-09-29T19:24:53.222631,20260929_191845_34d663b7,99000109911,parfjumerija/aksessuary,Aurendal Home,Черный + серебристый + розовый,Нет категории,560.0,560.0,0.0,0,4.0,https://goldapple.ru/99000109911-cernyj-serebristyj-rozovyj/,https://goldapple.ru/parfjumerija/aksessuary?p=3,"Набор атомайзеров по 5 мл — это изящное сочетание практичности и стиля, созданное для тех, кто ценит аромат в любом месте и в любое время. Каждый флакон высотой 10 см и диаметром всего 2 см легко помещается в маленькую сумку, карман или косметичку, становясь незаменимым спутником в поездках, на прогулке или в самолёте. Прочные стеклянные колбы с плавным пульверизатором обеспечивают точное и равномерное распыление, бережно передавая характер любимого парфюма. Атомайзеры подходят не только для духов, но и для гидролатов, термальной воды или антисептиков — универсальность делает их по-настоящему полезными в повседневной жизни. Флаконы защищены алюминиевым корпусом, который придаёт изделию солидность и надёжно оберегает от повреждений. Благодаря продуманной конструкции, жидкость не протекает, а аромат сохраняется в первозданном виде. Наполнить атомайзер просто — достаточно использовать удобный дозатор, входящий в комплект. Чтобы парфюмы не смешивались, рекомендуется использовать каждый флакон для одного аромата. Атомайзеры доступны в трёх элегантных цветах — сером, розовом и чёрном, — что позволяет подобрать оттенок под ваш стиль или создать гармоничный набор. Маленькие, но вместительные, эти атомайзеры превращаются в личный парфюмерный органайзер — компактный, стильный и всегда под рукой.","Заправьте парфюм в колбу, плотно закрутите распылительную головку и пользуйтесь — каждым нажатием вы получаете точное, равномерное распыление аромата.",Китай (китайская народная республика),3
44,2026-09-29T19:25:03.429156,20260929_191845_34d663b7,19000155442,parfjumerija/aksessuary,Van&mun,white length 22cm,Нет категории,254.0,254.0,0.0,0,0.0,https://goldapple.ru/19000155442-white-length-22cm/,https://goldapple.ru/parfjumerija/aksessuary?p=3,"Фибровые палочки играют роль проводника для ароматической жидкости. Освободить от упаковки, вставить в ёмкость с ароматической жидкостью. Через 30 минут палочки перевернуть. Рекомендуем один раз в два дня палочки переворачивать. Сменные палочки для ароматического диффузора, изготовлены из прессованного хлопкового волокна, которое не имеет запаха и передаёт аромат в чистом виде. При смене аромата в ароматическом диффузоре, обязательно использовать новые палочки.","Интенсивность распространения аромата регулируется количеством вставленных в диффузор фибровых палочек: чем их больше – тем аромат насыщеннее, чем меньше – тем нежнее. Начните с 2-3 фибровых палочек и добавляйте или убавляйте по одной для достижения оптимальной интенсивности аромата. Время от времени переворачивайте палочки для поддержания эффективной работы диффузора. При смене аромата необходимо использовать новые фибровые палочки, так как ароматы смешаются, и конечный результат может оказаться непредсказуемым",Россия,3
45,2026-09-29T19:25:13.544274,20260929_191845_34d663b7,19000234879,parfjumerija/aksessuary,BY KAORI,золотой,Колокольчик для тушения свечи,890.0,890.0,0.0,0,5.0,https://goldapple.ru/19000234879-kolokol-cik-dla-tusenia-sveci/,https://goldapple.ru/parfjumerija/aksessuary?p=3,"Латунный колокольчик превратит процесс наслаждения аромасвечой в настоящий ритуал. Благодаря колокольчику вам не придется задувать свечу. Таким образом, вы минимизируете количество дыма в помещении, а также брызг воска во время тушения свечи. С помощью колокольчика вы сможете мгновенно потушить аромасвечу так, чтобы фитиль затухал без тления и образования копоти. Так, свеча долго будет радовать вас своим эстетичным видом и процессом горения. Такой колокольчик станет незаменимой вещью не только для всех любителей аромасвечей, но и прекрасным элементом декора вашего интерьера.",Накройте колпачком пламя свечи на 2-5 сек.,Индия,3
46,2026-09-29T19:25:23.117967,20260929_191845_34d663b7,19000396004,parfjumerija/aksessuary,Dr. Vranjes Firenze,Maserati,Ротанговые палочки для диффузора,450.0,450.0,0.0,0,4.3,https://goldapple.ru/19000396004-maserati/,https://goldapple.ru/parfjumerija/aksessuary?p=3,"Эксклюзивные палочки для диффузора Maserati от итальянского бренда Dr. Vranjes Firenze обеспечивают оптимальное раскрытие и распространение аромата для дома. Палочки упакованы в специальный конверт глубокого, насыщенного синего цвета с эмблемой Maserati, трезубцем Посейдона, который можно найти на фонтане Нептуна в Болонье. Со временем палочки теряют свою капиллярную функцию и больше не позволяют аромату испаряться, поэтому их необходимо заменять на новые после чрезмерного насыщения. Подходит для диффузора в объеме 500 мл.","Поместите во флакон все палочки, которые идут в комплекте – таким образом аромат не будет испаряться через открытое горлышко флакона. Оптимальное количество палочек для диффузора 500 мл – 12 шт. 1-2 раза в день переворачивайте палочки для распространения аромата. Для того, чтобы отрегулировать интенсивность аромата, переворачивайте необходимое количество палочек ежедневно (1-2 для деликатного, еле заметного звучания; все палочки – для более яркого).",Италия,3
47,2026-09-29T19:25:33.294227,20260929_191845_34d663b7,99000109912,parfjumerija/aksessuary,Aurendal Home,Черный,Атомайзер,700.0,700.0,0.0,0,5.0,https://goldapple.ru/99000109912-cernyj/,https://goldapple.ru/parfjumerija/aksessuary?p=3,"Алюминиевый атомайзер объёмом 20 мл — компактное и практичное решение для тех, кто ценит аромат повсюду. Изготовлен из прочного алюминия с матовым чёрным покрытием, устойчивым к царапинам и отпечаткам пальцев. Лёгкий, но надёжный корпус защищает содержимое от протечек и ударов, идеально помещается в карман, сумочку или косметичку. Самозаправляющаяся конструкция позволяет легко наполнять атомайзер любыми духами без дополнительных инструментов — просто открутите распылитель, влейте парфюм и закройте. Надёжная помпа обеспечивает точное и равномерное распыление с первого нажатия. Чёрный атомайзер выглядит стильно и лаконично — подходит как мужчинам, так и женщинам. Удобен в поездках, соответствует требованиям авиакомпаний к ручной клади. Практичный, экологичный, многоразовый — идеальный спутник для любимого аромата каждый день.","Заправьте парфюм в колбу, плотно закрутите распылительную головку и пользуйтесь — каждым нажатием вы получаете точное, равномерное распыление аромата.",Китай (китайская народная республика),3
48,2026-09-29T19:25:42.181855,20260929_191845_34d663b7,99000109913,parfjumerija/aksessuary,Aurendal Home,Черный + серебристый,Набор атомайзеров,640.0,640.0,0.0,0,5.0,https://goldapple.ru/99000109913-cernyj-serebristyj/,https://goldapple.ru/parfjumerija/aksessuary?p=3,"Этот набор из двух алюминиевых атомайзеров — чёрного и серого — выделяется лаконичным, современным дизайном. Оба флакона объёмом по 15 мл изготовлены из прочного алюминия с матовым покрытием, устойчивым к повреждениям и загрязнениям. Сдержанные оттенки идеально подходят для делового образа или повседневного использования. Самозаправляющаяся конструкция позволяет быстро и легко наполнить каждый атомайзер любимым парфюмом. Надёжная помпа предотвращает протечки, а компактный размер удобен для переноски. Практичный и универсальный набор для тех, кто ценит минимализм и функциональность.","Заправьте парфюм в колбу, плотно закрутите распылительную головку и пользуйтесь — каждым нажатием вы получаете точное, равномерное распыление аромата.",Китай (китайская народная республика),3
49,2026-09-29T19:25:51.656018,20260929_191845_34d663b7,19000155441,parfjumerija/aksessuary,Van&mun,black length 22cm,Фибровые палочки для ароматического диффузора,200.0,200.0,0.0,0,5.0,https://goldapple.ru/19000155441-black-length-22cm/,https://goldapple.ru/parfjumerija/aksessuary?p=3,"Фибровые палочки играют роль проводника для ароматической жидкости. Освободить от упаковки, вставить в ёмкость с ароматической жидкостью. Через 30 минут палочки перевернуть. Рекомендуем один раз в два дня палочки переворачивать. Сменные палочки для ароматического диффузора, изготовлены из прессованного хлопкового волокна, которое не имеет запаха и передаёт аромат в чистом виде. При смене аромата в ароматическом диффузоре, обязательно использовать новые палочки.","Интенсивность распространения аромата регулируется количеством вставленных в диффузор фибровых палочек: чем их больше – тем аромат насыщеннее, чем меньше – тем нежнее. Начните с 2-3 фибровых палочек и добавляйте или убавляйте по одной для достижения оптимальной интенсивности аромата. Время от времени переворачивайте палочки для поддержания эффективной работы диффузора. При смене аромата необходимо использовать новые фибровые палочки, так как ароматы смешаются, и конечный результат может оказаться непредсказуемым",Россия,3
50,2026-09-29T19:26:04.583527,20260929_191845_34d663b7,99000109908,parfjumerija/aksessuary,Aurendal Home,Серебристый + синий,Набор атомайзеров,640.0,640.0,0.0,0,4.0,https://goldapple.ru/99000109908-serebristyj-sinij/,https://goldapple.ru/parfjumerija/aksessuary?p=3,"Серый и синий алюминиевые атомайзеры по 15 мл — это сочетание строгости и выразительности. Матовые флаконы из прочного алюминия устойчивы к повреждениям и выглядят стильно в любой обстановке. Серый цвет универсален и сдержан, синий — подчёркивает индивидуальность и современный вкус. Каждый атомайзер легко заправляется любимыми духами, не протекает и удобен в использовании. Подходит для повседневной носки, командировок и путешествий. Надёжная помпа, компактные размеры и многоразовое использование делают этот набор практичным и стильным аксессуаром для любого аромата.","Заправьте парфюм в колбу, плотно закрутите распылительную головку и пользуйтесь — каждым нажатием вы получаете точное, равномерное распыление аромата.",Китай (китайская народная республика),3
51,2026-09-29T19:26:18.100338,20260929_191845_34d663b7,99000109917,parfjumerija/aksessuary,Aurendal Home,Черный + серебристый + розовый,Набор атомайзеров,560.0,560.0,0.0,0,4.0,https://goldapple.ru/99000109917-cernyj-serebristyj-rozovyj/,https://goldapple.ru/parfjumerija/aksessuary?p=3,"Набор атомайзеров по 5 мл — это изящное сочетание практичности и стиля, созданное для тех, кто ценит аромат в любом месте и в любое время. Каждый флакон высотой 10 см и диаметром всего 2 см легко помещается в маленькую сумку, карман или косметичку, становясь незаменимым спутником в поездках, на прогулке или в самолёте. Прочные стеклянные колбы с плавным пульверизатором обеспечивают точное и равномерное распыление, бережно передавая характер любимого парфюма. Атомайзеры подходят не только для духов, но и для гидролатов, термальной воды или антисептиков — универсальность делает их по-настоящему полезными в повседневной жизни. Флаконы защищены глянцевым алюминиевым корпусом, который придаёт изделию благородный блеск и солидность, надёжно оберегая от повреждений. Благодаря продуманной конструкции, жидкость не протекает, а аромат сохраняется в первозданном виде. Наполнить атомайзер просто — достаточно использовать удобный дозатор, входящий в комплект. Чтобы парфюмы не смешивались, рекомендуется использовать каждый флакон для одного аромата. Атомайзеры доступны в трёх элегантных цветах — сером, розовом и чёрном, — каждый из которых отличается глубиной и лёгким глянцевым сиянием, подчёркивающим утончённый дизайн. Маленькие, но вместительные, эти атомайзеры превращаются в личный парфюмерный органайзер — компактный, стильный и всегда под рукой.","Заправьте парфюм в колбу, плотно закрутите распылительную головку и пользуйтесь — каждым нажатием вы получаете точное, равномерное распыление аромата.",Китай (китайская народная республика),3
52,2026-09-29T19:26:29.280962,20260929_191845_34d663b7,99000109916,parfjumerija/aksessuary,Aurendal Home,Розовый + синий,Набор атомайзеров,640.0,640.0,0.0,0,4.0,https://goldapple.ru/99000109916-rozovyj-sinij/,https://goldapple.ru/parfjumerija/aksessuary?p=3,"Стильный дуэт из синего и розового алюминиевых атомайзеров по 15 мл — это яркое сочетание характера и индивидуальности. Матовые флаконы из прочного алюминия устойчивы к царапинам и выглядят современно в любой ситуации. Синий оттенок придаёт образу свежести и уверенности, розовый — мягкости и женственности. Каждый атомайзер легко заправляется любимым парфюмом без дополнительных инструментов, плотно закрывается и не протекает. Надёжная помпа обеспечивает точное и равномерное распыление. Компактные размеры делают набор удобным для путешествий, поездок и повседневного использования — соответствует нормам ручной клади в самолёте. Идеальный выбор для тех, кто любит менять ароматы и подчёркивать настроение — практично, стильно и многоразово.","Заправьте парфюм в колбу, плотно закрутите распылительную головку и пользуйтесь — каждым нажатием вы получаете точное, равномерное распыление аромата.",Китай (китайская народная республика),3
53,2026-09-29T19:26:40.603314,20260929_191845_34d663b7,99000109909,parfjumerija/aksessuary,Aurendal Home,Черный + синий,Нет категории,640.0,640.0,0.0,0,5.0,https://goldapple.ru/99000109909-cernyj-sinij/,https://goldapple.ru/parfjumerija/aksessuary?p=3,"Сочетание чёрного и синего алюминиевых атомайзеров по 15 мл — это гармония классики и современности. Матовые поверхности устойчивы к царапинам и отпечаткам, сохраняя безупречный вид каждый день. Чёрный цвет придаёт сдержанности и элегантности, синий — выразительности и свежести. Каждый флакон легко заправляется любимыми духами, плотно закрывается и надёжно фиксирует жидкость — без протечек и лишних усилий. Удобная помпа обеспечивает точное распыление с первого нажатия. Компактные размеры и лёгкий вес делают набор идеальным спутником в поездках, на работе или в повседневной носке — соответствует требованиям авиаперевозок. Практичный, стильный и многоразовый — отличный выбор для тех, кто ценит функциональность и выразительный дизайн.","Заправьте парфюм в колбу, плотно закрутите распылительную головку и пользуйтесь — каждым нажатием вы получаете точное, равномерное распыление аромата.",Китай (китайская народная республика),3
54,2026-09-29T19:26:53.337668,20260929_191845_34d663b7,99000109914,parfjumerija/aksessuary,Aurendal Home,Красный,Нет категории,700.0,700.0,0.0,0,0.0,https://goldapple.ru/99000109914-krasnyj/,https://goldapple.ru/parfjumerija/aksessuary?p=3,"Алюминиевый атомайзер объёмом 20 мл — компактное и практичное решение для тех, кто ценит аромат повсюду. Изготовлен из прочного алюминия с матовым красным покрытием, устойчивым к царапинам и отпечаткам пальцев. Лёгкий, но надёжный корпус защищает содержимое от протечек и ударов, идеально помещается в карман, сумочку или косметичку. Самозаправляющаяся конструкция позволяет легко наполнять атомайзер любыми духами без дополнительных инструментов — просто открутите распылитель, влейте парфюм и закройте. Надёжная помпа обеспечивает точное и равномерное распыление с первого нажатия. Атомайзер выглядит стильно и лаконично — подходит как мужчинам, так и женщинам. Удобен в поездках, соответствует требованиям авиакомпаний к ручной клади. Практичный, экологичный, многоразовый — идеальный спутник для любимого аромата каждый день.","Заправьте парфюм в колбу, плотно закрутите распылительную головку и пользуйтесь — каждым нажатием вы получаете точное, равномерное распыление аромата.",Китай (китайская народная республика),3
55,2026-09-29T19:27:02.784753,20260929_191845_34d663b7,99000043420,parfjumerija/aksessuary,Art of Aroma,"черные, для аромадиффузора",Фибровые палочки,624.0,624.0,0.0,0,2.0,https://goldapple.ru/99000043420-cernye-dla-aromadiffuzora/,https://goldapple.ru/parfjumerija/aksessuary?p=3,Фибровые толстые палочки черного цвета в элегантной коробке. Размер палочек по толщине 5 мм. И 25 см в длину. В коробке 7 шт.  Подойдет для диффузоров объемом от 125 мл до 500 мл. Толстые фибровые палочки 5мм хорошо отдают аромат благодаря своей пористой структуре.,Достаньте палочки из коробки и опустите во флакон с ароматической жидкостью. Через 40 минут переверните палочки. Наслаждайтесь ароматом. Рекомендуем переворачивать палочки каждые 3-4 дня для лучшей отдачи аромата. Необходимо промывать палочки от пыли в мыльной воде раз в 2-3 месяца. После полной просушки их можно снова использовать.,Китай (китайская народная республика),3
56,2026-09-29T19:27:13.401847,20260929_191845_34d663b7,99000109910,parfjumerija/aksessuary,Aurendal Home,Серебристый + розовый,Набор атомайзеров,640.0,640.0,0.0,0,2.0,https://goldapple.ru/99000109910-serebristyj-rozovyj/,https://goldapple.ru/parfjumerija/aksessuary?p=3,"Набор из серого и розового алюминиевых атомайзеров по 15 мл — это гармония нейтрального и яркого. Матовые поверхности устойчивы к царапинам и выглядят стильно в любых условиях. Серый оттенок добавляет сдержанности, розовый — женственности и свежести. Атомайзеры легко заправляются, не протекают и удобно распыляют аромат благодаря качественной помпе. Идеальны для путешествий, смены настроения и ношения нескольких парфюмов одновременно. Компактный, красивый и практичный набор — отличный выбор для тех, кто любит сочетать утончённость с современным вкусом.","Заправьте парфюм в колбу, плотно закрутите распылительную головку и пользуйтесь — каждым нажатием вы получаете точное, равномерное распыление аромата.",Китай (китайская народная республика),3
57,2026-09-29T19:27:23.757244,20260929_191845_34d663b7,19000302307,parfjumerija/aksessuary,GLOTOK,fiber sticks,Фибровые палочки,273.0,273.0,0.0,0,0.0,https://goldapple.ru/19000302307-fiber-sticks/,https://goldapple.ru/parfjumerija/aksessuary?p=3,"Фибровые палочки в подарочной упаковке GLOTOK (фиброволокно). В наборе 10 штук палочек для аромадиффузора из фибры высотой 25 см и толщиной 5 мм. Фиброе волокно - тончайшее синтетическое волокно, прекрасно впитывает и отдает запах для дома аромат в окружающее пространство. Пористая структура палочек очень хорошо пропитывается ароматом, а поверхность активно испаряет его, ароматизируя помещение. Палочки аромо используются только с ароматическими композициями, диффузорами и другими ёмкостями для парфюмерных жидкостей. Данные аромопалочки Не ПОДЖИГАЮТСЯ!",Откройте упаковку фибровых палочек и вставьте их в диффузор или в рефилл.,Россия,3
58,2026-09-29T19:27:33.987193,20260929_191845_34d663b7,19000155440,parfjumerija/aksessuary,Van&mun,black length 30cm,Фибровые палочки для ароматического диффузора,208.0,208.0,0.0,0,0.0,https://goldapple.ru/19000155440-black-length-30cm/,https://goldapple.ru/parfjumerija/aksessuary?p=3,"Длина 30см +/-3мм, диаметр 3мм, цвет - черный. Фибровые палочки играют роль проводника для ароматической жидкости. Освободить от упаковки, вставить в ёмкость с ароматической жидкостью. Через 30 минут палочки перевернуть. Рекомендуем один раз в два дня палочки переворачивать. Сменные палочки для ароматического диффузора, изготовлены из прессованного хлопкового волокна, которое не имеет запаха и передаёт аромат в чистом виде. При смене аромата в ароматическом диффузоре, обязательно использовать новые палочки.","Интенсивность распространения аромата регулируется количеством вставленных в диффузор фибровых палочек: чем их больше – тем аромат насыщеннее, чем меньше – тем нежнее. Начните с 2-3 фибровых палочек и добавляйте или убавляйте по одной для достижения оптимальной интенсивности аромата. Время от времени переворачивайте палочки для поддержания эффективной работы диффузора. При смене аромата необходимо использовать новые фибровые палочки, так как ароматы смешаются, и конечный результат может оказаться непредсказуемым",Россия,3
59,2026-09-29T19:27:46.237733,20260929_191845_34d663b7,19000214014,parfjumerija/aksessuary,Van&mun,Reed sticks,Палочки тростниковые для ароматического диффузора,230.0,230.0,0.0,0,0.0,https://goldapple.ru/19000214014-reed-sticks/,https://goldapple.ru/parfjumerija/aksessuary?p=3,"Палочки тростниковые для ароматического диффузора 20 шт. в комплекте. Длина 24см +/-3мм, диаметр 3мм. Тростниковые палочки играют роль проводника для ароматической жидкости.","Палочки освободить от упаковки, вставить в ёмкость с ароматической жидкостью. Через 30 минут палочки перевернуть. Рекомендуем один раз в два дня палочки переворачивать. При смене аромата в ароматическом диффузоре, обязательно использовать новые палочки. Помните, что палочки имеют ограниченный срок службы, а их поры имеют свойство забиваться.",Россия,3
60,2026-09-29T19:27:58.625240,20260929_191845_34d663b7,19000155439,parfjumerija/aksessuary,Van&mun,white length 22cm,Фибровые палочки для ароматического диффузора,250.0,250.0,0.0,0,0.0,https://goldapple.ru/19000155439-white-length-22cm/,https://goldapple.ru/parfjumerija/aksessuary?p=3,"Фибровые палочки играют роль проводника для ароматической жидкости. Освободить от упаковки, вставить в ёмкость с ароматической жидкостью. Через 30 минут палочки перевернуть. Рекомендуем один раз в два дня палочки переворачивать. Сменные палочки для ароматического диффузора, изготовлены из прессованного хлопкового волокна, которое не имеет запаха и передаёт аромат в чистом виде. При смене аромата в ароматическом диффузоре, обязательно использовать новые палочки.","Интенсивность распространения аромата регулируется количеством вставленных в диффузор фибровых палочек: чем их больше – тем аромат насыщеннее, чем меньше – тем нежнее. Начните с 2-3 фибровых палочек и добавляйте или убавляйте по одной для достижения оптимальной интенсивности аромата. Время от времени переворачивайте палочки для поддержания эффективной работы диффузора. При смене аромата необходимо использовать новые фибровые палочки, так как ароматы смешаются, и конечный результат может оказаться непредсказуемым",Россия,3
61,2026-09-29T19:28:26.653744,20260929_191845_34d663b7,19000155444,parfjumerija/aksessuary,Van&mun,black length 20cm,Фибровые палочки для ароматического диффузора,230.0,230.0,0.0,0,0.0,https://goldapple.ru/19000155444-black-length-20cm/,https://goldapple.ru/parfjumerija/aksessuary?p=4,"Фибровые палочки играют роль проводника для ароматической жидкости. Освободить от упаковки, вставить в ёмкость с ароматической жидкостью. Через 30 минут палочки перевернуть. Рекомендуем один раз в два дня палочки переворачивать. Сменные палочки для ароматического диффузора, изготовлены из прессованного хлопкового волокна, которое не имеет запаха и передаёт аромат в чистом виде. При смене аромата в ароматическом диффузоре, обязательно использовать новые палочки.","Интенсивность распространения аромата регулируется количеством вставленных в диффузор фибровых палочек: чем их больше – тем аромат насыщеннее, чем меньше – тем нежнее. Начните с 2-3 фибровых палочек и добавляйте или убавляйте по одной для достижения оптимальной интенсивности аромата. Время от времени переворачивайте палочки для поддержания эффективной работы диффузора. При смене аромата необходимо использовать новые фибровые палочки, так как ароматы смешаются, и конечный результат может оказаться непредсказуемым",Россия,4
62,2026-09-29T19:28:44.225340,20260929_191845_34d663b7,19000155438,parfjumerija/aksessuary,Van&mun,black length 22cm,Фибровые палочки для ароматического диффузора,200.0,200.0,0.0,0,0.0,https://goldapple.ru/19000155438-black-length-22cm/,https://goldapple.ru/parfjumerija/aksessuary?p=4,"Длина 22см +/-3мм, диаметр 3мм, цвет - черный. Фибровые палочки играют роль проводника для ароматической жидкости. Освободить от упаковки, вставить в ёмкость с ароматической жидкостью. Через 30 минут палочки перевернуть. Рекомендуем один раз в два дня палочки переворачивать. Сменные палочки для ароматического диффузора, изготовлены из прессованного хлопкового волокна, которое не имеет запаха и передаёт аромат в чистом виде. При смене аромата в ароматическом диффузоре, обязательно использовать новые палочки.","Интенсивность распространения аромата регулируется количеством вставленных в диффузор фибровых палочек: чем их больше – тем аромат насыщеннее, чем меньше – тем нежнее. Начните с 2-3 фибровых палочек и добавляйте или убавляйте по одной для достижения оптимальной интенсивности аромата. Время от времени переворачивайте палочки для поддержания эффективной работы диффузора. При смене аромата необходимо использовать новые фибровые палочки, так как ароматы смешаются, и конечный результат может оказаться непредсказуемым",Россия,4
63,2026-09-29T19:28:58.758039,20260929_191845_34d663b7,19000214011,parfjumerija/aksessuary,Van&mun,Sticks set of fiber,Нет категории,216.0,216.0,0.0,0,0.0,https://goldapple.ru/19000214011-sticks-set-of-fiber/,https://goldapple.ru/parfjumerija/aksessuary?p=4,"Палочки фибровые для ароматического диффузора 20 шт. В комплекте 10 шт. белых,10 шт. черных. Длина 30см +/-3мм, диаметр 3мм. Фибровые палочки играют роль проводника для ароматической жидкости.","Палочки освободить от упаковки, вставить в ёмкость с ароматической жидкостью. Через 30 минут палочки перевернуть. Рекомендуем один раз в два дня палочки переворачивать. При смене аромата в ароматическом диффузоре, обязательно использовать новые палочки. Помните, что палочки имеют ограниченный срок службы, а их поры имеют свойство забиваться.",Россия,4
64,2026-09-29T19:29:07.801340,20260929_191845_34d663b7,19000155310,parfjumerija/aksessuary,Van&mun,length 24cm,Тростиниковые палочки для ароматического диффузора,201.0,201.0,0.0,0,0.0,https://goldapple.ru/19000155310-length-24cm/,https://goldapple.ru/parfjumerija/aksessuary?p=4,"Фибровые палочки играют роль проводника для ароматической жидкости. Освободить от упаковки, вставить в ёмкость с ароматической жидкостью. Через 30 минут палочки перевернуть. Рекомендуем один раз в два дня палочки переворачивать. Сменные палочки для ароматического диффузора, изготовлены из прессованного хлопкового волокна, которое не имеет запаха и передаёт аромат в чистом виде. При смене аромата в ароматическом диффузоре, обязательно использовать новые палочки.","Интенсивность распространения аромата регулируется количеством вставленных в диффузор фибровых палочек: чем их больше – тем аромат насыщеннее, чем меньше – тем нежнее. Начните с 2-3 фибровых палочек и добавляйте или убавляйте по одной для достижения оптимальной интенсивности аромата. Время от времени переворачивайте палочки для поддержания эффективной работы диффузора.",Россия,4
65,2026-09-29T19:29:19.966033,20260929_191845_34d663b7,19000214013,parfjumerija/aksessuary,Van&mun,Reed sticks,Палочки тростниковые для ароматического диффузора,208.0,208.0,0.0,0,0.0,https://goldapple.ru/19000214013-reed-sticks/,https://goldapple.ru/parfjumerija/aksessuary?p=4,"Палочки тростниковые для ароматического диффузора 30 шт. в комплекте. Длина 20см +/-3мм, диаметр 3мм. Тростниковые палочки играют роль проводника для ароматической жидкости.","Палочки освободить от упаковки, вставить в ёмкость с ароматической жидкостью. Через 30 минут палочки перевернуть. Рекомендуем один раз в два дня палочки переворачивать. При смене аромата в ароматическом диффузоре, обязательно использовать новые палочки. Помните, что палочки имеют ограниченный срок службы, а их поры имеют свойство забиваться.",Россия,4
